version,url,sha,beta
0.12.1,https://releases.hashicorp.com/terraform/0.12.1/terraform_0.12.1_linux_amd64.zip,c9a30d3e3abf751b3b3e323897e9c7cb411d5c4bb7473a3284a2a2b4b89f93ed,false
0.10.0-beta1,https://releases.hashicorp.com/terraform/0.10.0-beta1/terraform_0.10.0-beta1_linux_amd64.zip,9e14c850054faaaa3f40a1c28d8991fc4a42f0dc2d53564d8f60b12243c7ae5d,true
0.7.7,https://releases.hashicorp.com/terraform/0.7.7/terraform_0.7.7_linux_amd64.zip,478c4fe311392804ffc449995e8d7f903abab56f7483f317c1f120d8c21b1a81,false
1.1.3,https://releases.hashicorp.com/terraform/1.1.3/terraform_1.1.3_linux_amd64.zip,b215de2a18947fff41803716b1829a3c462c4f009b687c2cbdb52ceb51157c2f,false
0.14.2,https://releases.hashicorp.com/terraform/0.14.2/terraform_0.14.2_linux_amd64.zip,6f380c0c7a846f9e0aedb98a2073d2cbd7d1e2dc0e070273f9325f1b69e668b2,false
0.13.6,https://releases.hashicorp.com/terraform/0.13.6/terraform_0.13.6_linux_amd64.zip,55f2db00b05675026be9c898bdd3e8230ff0c5c78dd12d743ca38032092abfc9,false
0.12.19,https://releases.hashicorp.com/terraform/0.12.19/terraform_0.12.19_linux_amd64.zip,a549486112f5350075fb540cfd873deb970a9baf8a028a86ee7b4472fc91e167,false
0.11.12,https://releases.hashicorp.com/terraform/0.11.12/terraform_0.11.12_linux_amd64.zip,d3bb9c958c56a178528ef3b18e27a24cfd96c9aa6da3c7b6dc8d7dd8a4b9dab9,false
0.8.6,https://releases.hashicorp.com/terraform/0.8.6/terraform_0.8.6_linux_amd64.zip,2b4f330e70b757a640ba8d4e1eada86445240b5f8cd43194d878e0c05175f6c0,false
1.1.0,https://releases.hashicorp.com/terraform/1.1.0/terraform_1.1.0_linux_amd64.zip,763378aa75500ce5ba67d0cba8aa605670cd28bf8bafc709333a30908441acb5,false
1.1.0-alpha20210922,https://releases.hashicorp.com/terraform/1.1.0-alpha20210922/terraform_1.1.0-alpha20210922_linux_amd64.zip,572a98650f8481d67bfce7ffea12baf675a9ea389661037e7d9b48a9a2c08ce6,false
0.14.5,https://releases.hashicorp.com/terraform/0.14.5/terraform_0.14.5_linux_amd64.zip,2899f47860b7752e31872e4d57b1c03c99de154f12f0fc84965e231bc50f312f,false
0.12.21,https://releases.hashicorp.com/terraform/0.12.21/terraform_0.12.21_linux_amd64.zip,ca0d0796c79d14ee73a3d45649dab5e531f0768ee98da71b31e423e3278e9aa9,false
0.12.24,https://releases.hashicorp.com/terraform/0.12.24/terraform_0.12.24_linux_amd64.zip,602d2529aafdaa0f605c06adb7c72cfb585d8aa19b3f4d8d189b42589e27bf11,false
0.12.23,https://releases.hashicorp.com/terraform/0.12.23/terraform_0.12.23_linux_amd64.zip,78fd53c0fffd657ee0ab5decac604b0dea2e6c0d4199a9f27db53f081d831a45,false
0.9.5,https://releases.hashicorp.com/terraform/0.9.5/terraform_0.9.5_linux_amd64.zip,0cbb5474c76d878fbc99e7705ce6117f4ea0838175c13b2663286a207e38d783,false
0.7.13,https://releases.hashicorp.com/terraform/0.7.13/terraform_0.7.13_linux_amd64.zip,5a4f762a194542d38406b9b92c722b57f7910344db084e24c9c43d7719f4aa18,false
1.1.0-beta2,https://releases.hashicorp.com/terraform/1.1.0-beta2/terraform_1.1.0-beta2_linux_amd64.zip,065e5135a00911f7f5c199ba506d60f531df05277fe0c336b83298667c16bff4,true
0.15.0-alpha20210210,https://releases.hashicorp.com/terraform/0.15.0-alpha20210210/terraform_0.15.0-alpha20210210_linux_amd64.zip,d08ab725461b27ecf8835b618d0cdf2159400ecd04422f8eee61a9ca54e55ea2,false
0.14.6,https://releases.hashicorp.com/terraform/0.14.6/terraform_0.14.6_linux_amd64.zip,63a5a45edde435fa3f278c86ce96346ee7f6b204ea949734f26f963b7dbc1074,false
0.12.29,https://releases.hashicorp.com/terraform/0.12.29/terraform_0.12.29_linux_amd64.zip,872245d9c6302b24dc0d98a1e010aef1e4ef60865a2d1f60102c8ad03e9d5a1d,false
0.6.7,https://releases.hashicorp.com/terraform/0.6.7/terraform_0.6.7_linux_amd64.zip,2e5de08f545e117eb9825b697c5ad290ee3fdcaae7d6de4b0e99830e58b38b2e,false
0.12.5,https://releases.hashicorp.com/terraform/0.12.5/terraform_0.12.5_linux_amd64.zip,babb4a30b399fb6fc87a6aa7435371721310c2e2102a95a763ef2c979ab06ce2,false
0.11.8,https://releases.hashicorp.com/terraform/0.11.8/terraform_0.11.8_linux_amd64.zip,84ccfb8e13b5fce63051294f787885b76a1fedef6bdbecf51c5e586c9e20c9b7,false
0.15.0-rc2,https://releases.hashicorp.com/terraform/0.15.0-rc2/terraform_0.15.0-rc2_linux_amd64.zip,74d2f116af4294b1f7ac76268ed21122c70ab5030968d46b5a2a4acf3ab35a6c,true
0.14.11,https://releases.hashicorp.com/terraform/0.14.11/terraform_0.14.11_linux_amd64.zip,171ef5a4691b6f86eab524feaf9a52d5221c875478bd63dd7e55fef3939f7fd4,false
0.14.10,https://releases.hashicorp.com/terraform/0.14.10/terraform_0.14.10_linux_amd64.zip,45d4a12ca7b5c52983f43837d696f45c5ed9ebe536d6b44104f2edb2e1a39894,false
0.14.0-beta1,https://releases.hashicorp.com/terraform/0.14.0-beta1/terraform_0.14.0-beta1_linux_amd64.zip,e0e07ed96d103fe8e9459f68a6f35bfb15ef82aac8fb5534764b105bc0ac4468,true
0.7.4,https://releases.hashicorp.com/terraform/0.7.4/terraform_0.7.4_linux_amd64.zip,8950ab77430d0ec04dc315f0d2d0433421221357b112d44aa33ed53cbf5838f6,false
0.7.1,https://releases.hashicorp.com/terraform/0.7.1/terraform_0.7.1_linux_amd64.zip,133766ed558af04255490f135fed17f497b9ba1e277ff985224e1287726ab2dc,false
0.12.10,https://releases.hashicorp.com/terraform/0.12.10/terraform_0.12.10_linux_amd64.zip,2215208822f1a183fb57e24289de417c9b3157affbe8a5e520b768edbcb420b4,false
0.12.4,https://releases.hashicorp.com/terraform/0.12.4/terraform_0.12.4_linux_amd64.zip,0231562f26262de233e8e8fac668196af21b7aff355bb04f3ee1606cca239c0a,false
0.11.12-beta1,https://releases.hashicorp.com/terraform/0.11.12-beta1/terraform_0.11.12-beta1_linux_amd64.zip,5a8c4f734ae58a3b2583d9b93c619fe7ab0e7b76c5a7d51ecc956166fb279258,true
0.11.5,https://releases.hashicorp.com/terraform/0.11.5/terraform_0.11.5_linux_amd64.zip,131c440263382c79c7f783b70ff35cd1d03eb31c44f7738d153d95a0b8436ac9,false
0.10.4,https://releases.hashicorp.com/terraform/0.10.4/terraform_0.10.4_linux_amd64.zip,cff83f669d0e4ac315e792a57659d5aae8ea1fcfdca6931c7cc4679b4e6c60e3,false
1.0.9,https://releases.hashicorp.com/terraform/1.0.9/terraform_1.0.9_linux_amd64.zip,f06ac64c6a14ed6a923d255788e4a5daefa2b50e35f32d7a3b5a2f9a5a91e255,false
0.12.20,https://releases.hashicorp.com/terraform/0.12.20/terraform_0.12.20_linux_amd64.zip,46bd906f8cb9bbb871905ecb23ae7344af8017d214d735fbb6d6c8e0feb20ff3,false
0.9.10,https://releases.hashicorp.com/terraform/0.9.10/terraform_0.9.10_linux_amd64.zip,77f0d01182d665f7f3c63c326aa699b452fba043c2e2f9050c4bd114f98a1207,false
0.13.0-beta3,https://releases.hashicorp.com/terraform/0.13.0-beta3/terraform_0.13.0-beta3_linux_amd64.zip,f842254756616d1ef90c06e611a1d4cc209ee250473d3ab123b1f6bfb03bd724,true
0.7.11,https://releases.hashicorp.com/terraform/0.7.11/terraform_0.7.11_linux_amd64.zip,1a1aa419d614ea38d93cc751e00874ace9414184c75e66480384c464e8a634db,false
1.1.0-alpha20210630,https://releases.hashicorp.com/terraform/1.1.0-alpha20210630/terraform_1.1.0-alpha20210630_linux_amd64.zip,5c62781f675361f3dbaa80ad65829f1a01302f7c15ac007892ae246e0f6dead7,false
1.0.2,https://releases.hashicorp.com/terraform/1.0.2/terraform_1.0.2_linux_amd64.zip,7329f887cc5a5bda4bedaec59c439a4af7ea0465f83e3c1b0f4d04951e1181f4,false
0.15.0-beta1,https://releases.hashicorp.com/terraform/0.15.0-beta1/terraform_0.15.0-beta1_linux_amd64.zip,b96d9bd0df800ce9e6d8b3b10c2aba491980a123c4c04a32049769247c9af76a,true
0.14.0-alpha20200910,https://releases.hashicorp.com/terraform/0.14.0-alpha20200910/terraform_0.14.0-alpha20200910_linux_amd64.zip,d18e0ccbe20a594a8c477526c1850c625b5c06dfd3d49c36c1ff35f1b83e777d,false
0.12.27,https://releases.hashicorp.com/terraform/0.12.27/terraform_0.12.27_linux_amd64.zip,6842303730775ceaeebf73d5f187fb77c194e3825fa1dfd6f879bc4dae3b798b,false
0.12.6,https://releases.hashicorp.com/terraform/0.12.6/terraform_0.12.6_linux_amd64.zip,6544eb55b3e916affeea0a46fe785329c36de1ba1bdb51ca5239d3567101876f,false
0.6.5,https://releases.hashicorp.com/terraform/0.6.5/terraform_0.6.5_linux_amd64.zip,29618f11e9af410e4ed69d79084c33ad5faa3f475651556e039bb27ff69b3c74,false
0.13.3,https://releases.hashicorp.com/terraform/0.13.3/terraform_0.13.3_linux_amd64.zip,35c662be9d32d38815cde5fa4c9fa61a3b7f39952ecd50ebf92fd1b2ddd6109b,false
0.13.2,https://releases.hashicorp.com/terraform/0.13.2/terraform_0.13.2_linux_amd64.zip,6c1c6440c5cb199e85926aea65773450564f501fddcd7876f453ba95b45ba746,false
0.12.31,https://releases.hashicorp.com/terraform/0.12.31/terraform_0.12.31_linux_amd64.zip,e5eeba803bc7d8d0cae7ef04ba7c3541c0abd8f9e934a5e3297bf738b31c5c6d,false
0.12.0-beta1,https://releases.hashicorp.com/terraform/0.12.0-beta1/terraform_0.12.0-beta1_linux_amd64.zip,3ca1a3126e17bbe8cf8aa677ff39f8b7a5cff71de91fa9286c3c7cacebba78e6,true
1.1.0-beta1,https://releases.hashicorp.com/terraform/1.1.0-beta1/terraform_1.1.0-beta1_linux_amd64.zip,a78c3cba635b504ae2f261f5d112243a98ae6203f018af32385b4e2e1e673093,true
1.0.5,https://releases.hashicorp.com/terraform/1.0.5/terraform_1.0.5_linux_amd64.zip,7ce24478859ab7ca0ba4d8c9c12bb345f52e8efdc42fa3ef9dd30033dbf4b561,false
0.15.0-alpha20210107,https://releases.hashicorp.com/terraform/0.15.0-alpha20210107/terraform_0.15.0-alpha20210107_linux_amd64.zip,4dacde757b7fe81fdda36779cce5cd9d5123d4fbbec546551f9d2dac71dde39c,false
0.14.4,https://releases.hashicorp.com/terraform/0.14.4/terraform_0.14.4_linux_amd64.zip,042f1f4fb47696b3442eca12bce7cce6de0b477b299503ddad6b8bc3777a54b5,false
0.14.0-alpha20200923,https://releases.hashicorp.com/terraform/0.14.0-alpha20200923/terraform_0.14.0-alpha20200923_linux_amd64.zip,1e5f7a5f3ade7b8b1d1d59c5cea2e1a2f8d2f8c3f41962dbbe8647e222be8239,false
0.12.30,https://releases.hashicorp.com/terraform/0.12.30/terraform_0.12.30_linux_amd64.zip,a646b61232ac0c400ec8cc2c062f4e36b5a9e8515f11f7f5f61eb03fe058f18d,false
0.12.15,https://releases.hashicorp.com/terraform/0.12.15/terraform_0.12.15_linux_amd64.zip,2acb99936c32f04d0779c3aba3552d6d2a1fa32ed63cbca83a84e58714f22022,false
0.9.7,https://releases.hashicorp.com/terraform/0.9.7/terraform_0.9.7_linux_amd64.zip,df6aecbddca9ea4e0f32290ed5efb92c1b4173d8afd1d95470424f635c41d242,false
0.7.6,https://releases.hashicorp.com/terraform/0.7.6/terraform_0.7.6_linux_amd64.zip,86ccdc048295dcc47f0a3611e39226b8961e08bdfa2969f495c89591c62fd2ed,false
0.13.5,https://releases.hashicorp.com/terraform/0.13.5/terraform_0.13.5_linux_amd64.zip,f7b7a7b1bfbf5d78151cfe3d1d463140b5fd6a354e71a7de2b5644e652ca5147,false
0.12.17,https://releases.hashicorp.com/terraform/0.12.17/terraform_0.12.17_linux_amd64.zip,8124c7dfe5036377de0637378ad32cf530477403c29ab1ccefbaa50a05d059c2,false
0.12.3,https://releases.hashicorp.com/terraform/0.12.3/terraform_0.12.3_linux_amd64.zip,75e4323b8514074f8c2118ea382fc677c8b1d1730eda323ada222e0fac57f7db,false
0.11.15,https://releases.hashicorp.com/terraform/0.11.15/terraform_0.11.15_linux_amd64.zip,e6c8c884de6c353cf98252c5e11faf972d4b30b5d070ab5ff70eaf92660a5aac,false
0.6.14,https://releases.hashicorp.com/terraform/0.6.14/terraform_0.6.14_linux_amd64.zip,6d93290f980df15a453e907ea9a2ca8f8fed41143c220953c911b5174c3e3ab0,false
0.12.14,https://releases.hashicorp.com/terraform/0.12.14/terraform_0.12.14_linux_amd64.zip,8db6b396eb2626f18bf5e98af824645bb96d8290e2ab761b2dace3a2574b8cee,false
0.9.4,https://releases.hashicorp.com/terraform/0.9.4/terraform_0.9.4_linux_amd64.zip,cc1cffee3b82820b7f049bb290b841762ee920aef3cf4d95382cc7ea01135707,false
0.8.5,https://releases.hashicorp.com/terraform/0.8.5/terraform_0.8.5_linux_amd64.zip,4b4324e354c26257f0b830eacb0e7cc7e2ced017d78855f74cb9377f1abf1dd7,false
0.8.1,https://releases.hashicorp.com/terraform/0.8.1/terraform_0.8.1_linux_amd64.zip,da98894a79b7e97ddcb2a1fed7700d3f53c3660f294fb709e1d52c9baaee5c59,false
0.6.11,https://releases.hashicorp.com/terraform/0.6.11/terraform_0.6.11_linux_amd64.zip,f451411db521fc4d22c9fe0c80105cf028eb8df0639bac7c1e781880353d9a5f,false
0.15.2,https://releases.hashicorp.com/terraform/0.15.2/terraform_0.15.2_linux_amd64.zip,6d4780cbbe49f2d49eb49e8d7a90f5b8d5beec7e64d80d3f8eb0c6e19156a26b,false
0.12.25,https://releases.hashicorp.com/terraform/0.12.25/terraform_0.12.25_linux_amd64.zip,e95daabd1985329f87e6d40ffe7b9b973ff0abc07a403f767e8658d64d733fb0,false
0.12.0,https://releases.hashicorp.com/terraform/0.12.0/terraform_0.12.0_linux_amd64.zip,42ffd2db97853d5249621d071f4babeed8f5fdba40e3685e6c1013b9b7b25830,false
0.8.8,https://releases.hashicorp.com/terraform/0.8.8/terraform_0.8.8_linux_amd64.zip,403d65b8a728b8dffcdd829262b57949bce9748b91f2e82dfd6d61692236b376,false
0.7.10,https://releases.hashicorp.com/terraform/0.7.10/terraform_0.7.10_linux_amd64.zip,a6da76d6228349855f7c503b769fb231e6b1009add5e5b2586ecb7624e9ecf15,false
1.1.0-alpha20211029,https://releases.hashicorp.com/terraform/1.1.0-alpha20211029/terraform_1.1.0-alpha20211029_linux_amd64.zip,02755bf95146d872b45694c5783b4d0fc28806f86de57bf57acea7049b406758,false
0.15.3,https://releases.hashicorp.com/terraform/0.15.3/terraform_0.15.3_linux_amd64.zip,5ce5834fd74e3368ad7bdaac847f973e66e61acae469ee86b88da4c6d9f933d4,false
0.13.0-beta1,https://releases.hashicorp.com/terraform/0.13.0-beta1/terraform_0.13.0-beta1_linux_amd64.zip,cd867252689979ca33517b9e391fe39fceecf0b6df91450a6abb75833cbd2c7f,true
0.11.3,https://releases.hashicorp.com/terraform/0.11.3/terraform_0.11.3_linux_amd64.zip,6b8a7b83954597d36bbed23913dd51bc253906c612a070a21db373eab71b277b,false
0.11.6,https://releases.hashicorp.com/terraform/0.11.6/terraform_0.11.6_linux_amd64.zip,aed5c7388a3c54dc816986903d4dea32e182a002d746295e1016f6db741f472d,false
0.10.7,https://releases.hashicorp.com/terraform/0.10.7/terraform_0.10.7_linux_amd64.zip,8fb5f587fcf67fd31d547ec53c31180e6ab9972e195905881d3dddb8038c5a37,false
0.10.0-beta2,https://releases.hashicorp.com/terraform/0.10.0-beta2/terraform_0.10.0-beta2_linux_amd64.zip,31eb44cd3ffe12ec386668a2702c7040a69c63b3bd833f046758c1a91b3a79df,true
0.8.2,https://releases.hashicorp.com/terraform/0.8.2/terraform_0.8.2_linux_amd64.zip,a366fd2d7d8908d23acc23ab151fc692615a147f8832971bb43e42995554c652,false
0.15.1,https://releases.hashicorp.com/terraform/0.15.1/terraform_0.15.1_linux_amd64.zip,1ff798791abf518fb0b5d9958ec8327b7213f1c91fb5235923e91cc96c59ef2c,false
0.13.4,https://releases.hashicorp.com/terraform/0.13.4/terraform_0.13.4_linux_amd64.zip,a92df4a151d390144040de5d18351301e597d3fae3679a814ea57554f6aa9b24,false
0.13.0-beta2,https://releases.hashicorp.com/terraform/0.13.0-beta2/terraform_0.13.0-beta2_linux_amd64.zip,ae0c4cb78b8e406f26b77863bc09a47dfb9b7e7fbcf4cd672d737eb7ea6a52b6,true
0.12.13,https://releases.hashicorp.com/terraform/0.12.13/terraform_0.12.13_linux_amd64.zip,63f765a3f83987b67b046a9c31acff1ec9ee618990d0eab4db34eca6c0d861ec,false
0.11.2,https://releases.hashicorp.com/terraform/0.11.2/terraform_0.11.2_linux_amd64.zip,f728fa73ff2a4c4235a28de4019802531758c7c090b6ca4c024d48063ab8537b,false
0.9.11,https://releases.hashicorp.com/terraform/0.9.11/terraform_0.9.11_linux_amd64.zip,804d31cfa5fee5c2b1bff7816b64f0e26b1d766ac347c67091adccc2626e16f3,false
1.1.0-alpha20210728,https://releases.hashicorp.com/terraform/1.1.0-alpha20210728/terraform_1.1.0-alpha20210728_linux_amd64.zip,89686fea25dd9b4f6acf6d3381e089b59352f0c17873b9c63cf7f56a9b7c6c19,false
0.15.0-rc1,https://releases.hashicorp.com/terraform/0.15.0-rc1/terraform_0.15.0-rc1_linux_amd64.zip,a29ad95e83a7ea4d4007e962182dfc4ca393d66f9963fcc06fc79884f8e35bae,true
0.12.2,https://releases.hashicorp.com/terraform/0.12.2/terraform_0.12.2_linux_amd64.zip,d9a96b646420d7f0a80aa5d51bb7b2a125acead537ab13c635f76668de9b8e32,false
0.12.0-rc1,https://releases.hashicorp.com/terraform/0.12.0-rc1/terraform_0.12.0-rc1_linux_amd64.zip,b16b32c39de9597b381c0ba189c08a37ea1c56cbca23122a3675a0481158944e,true
0.8.4,https://releases.hashicorp.com/terraform/0.8.4/terraform_0.8.4_linux_amd64.zip,297d35d0b4311445cd87ef032d3dec917bcc7a8b163ead28a4c45d966a2f75cc,false
0.7.5,https://releases.hashicorp.com/terraform/0.7.5/terraform_0.7.5_linux_amd64.zip,7def82015b3a9a1bab13b4548e4c8d4ac960322a815cff7d9ebf76ef74a4cb34,false
0.6.8,https://releases.hashicorp.com/terraform/0.6.8/terraform_0.6.8_linux_amd64.zip,fd61718820c3f2334276517a89694cebe82db354b584ea90c376f1c6d34bb92d,false
0.14.0-beta2,https://releases.hashicorp.com/terraform/0.14.0-beta2/terraform_0.14.0-beta2_linux_amd64.zip,4c2a46e964926624780dd23fa2251964c611c47895ff162001f14dbed8ec4822,true
0.12.16,https://releases.hashicorp.com/terraform/0.12.16/terraform_0.12.16_linux_amd64.zip,fcc719314660adc66cbd688918d13baa1095301e2e507f9ac92c9e22acf4cc02,false
0.11.10,https://releases.hashicorp.com/terraform/0.11.10/terraform_0.11.10_linux_amd64.zip,43543a0e56e31b0952ea3623521917e060f2718ab06fe2b2d506cfaa14d54527,false
0.9.3,https://releases.hashicorp.com/terraform/0.9.3/terraform_0.9.3_linux_amd64.zip,f34b96f7b7edaf8c4dc65f6164ba0b8f21195f5cbe5b7288ad994aa9794bb607,false
0.11.9,https://releases.hashicorp.com/terraform/0.11.9/terraform_0.11.9_linux_amd64.zip,5d674e7b83945c37f7f14d0e4f655787dad86ba15b26e185604aa0c3812394ab,false
0.11.9-beta1,https://releases.hashicorp.com/terraform/0.11.9-beta1/terraform_0.11.9-beta1_linux_amd64.zip,6f235d05a3e0b3cd79264834448064b52079c4268ed0c2de25e10c79386f746e,true
0.11.0,https://releases.hashicorp.com/terraform/0.11.0/terraform_0.11.0_linux_amd64.zip,402b4333792967986383670134bb52a8948115f83ab6bda35f57fa2c3c9e9279,false
0.9.2,https://releases.hashicorp.com/terraform/0.9.2/terraform_0.9.2_linux_amd64.zip,a916228ea4c19c91c9a5dee2905885f517eb7c31ba4dbf5d79f9f36606973313,false
1.1.0-rc1,https://releases.hashicorp.com/terraform/1.1.0-rc1/terraform_1.1.0-rc1_linux_amd64.zip,51113913f04769561fc83d8025d64ed7520338982509d2284033b7763e7c6ffe,true
0.15.5,https://releases.hashicorp.com/terraform/0.15.5/terraform_0.15.5_linux_amd64.zip,3b144499e08c245a8039027eb2b84c0495e119f57d79e8fb605864bb48897a7d,false
0.12.11,https://releases.hashicorp.com/terraform/0.12.11/terraform_0.12.11_linux_amd64.zip,d61f8758a25bc079bb0833b81f998fbc4cf03bb0f41b995e08204cf5978f700e,false
0.11.11,https://releases.hashicorp.com/terraform/0.11.11/terraform_0.11.11_linux_amd64.zip,94504f4a67bad612b5c8e3a4b7ce6ca2772b3c1559630dfd71e9c519e3d6149c,false
0.6.12,https://releases.hashicorp.com/terraform/0.6.12/terraform_0.6.12_linux_amd64.zip,37513aba20f751705f8f98cd0518ebb6a4a9c2148453236b9a5c30074e2edd8d,false
0.11.13,https://releases.hashicorp.com/terraform/0.11.13/terraform_0.11.13_linux_amd64.zip,5925cd4d81e7d8f42a0054df2aafd66e2ab7408dbed2bd748f0022cfe592f8d2,false
0.8.3,https://releases.hashicorp.com/terraform/0.8.3/terraform_0.8.3_linux_amd64.zip,aa4c64b0595b8e49fc12da79d3efb7fb3f3653230349819699b9db1a76c51f3b,false
0.6.16,https://releases.hashicorp.com/terraform/0.6.16/terraform_0.6.16_linux_amd64.zip,e10987bca7ec15301bc2fd152795d51cfc9fdbe6c70c9708e6e2ed81eaa1f082,false
1.1.0-alpha20211020,https://releases.hashicorp.com/terraform/1.1.0-alpha20211020/terraform_1.1.0-alpha20211020_linux_amd64.zip,c8769b93162cce9439a0f0487f085402aebf316401c47916b8879bccb7f2ce05,false
1.0.1,https://releases.hashicorp.com/terraform/1.0.1/terraform_1.0.1_linux_amd64.zip,da94657593636c8d35a96e4041136435ff58bb0061245b7d0f82db4a7728cef3,false
0.14.0-alpha20201007,https://releases.hashicorp.com/terraform/0.14.0-alpha20201007/terraform_0.14.0-alpha20201007_linux_amd64.zip,7528187b5023e87ef5e179342b66b2514687ddf35c6ac279f549000272983aff,false
0.12.18,https://releases.hashicorp.com/terraform/0.12.18/terraform_0.12.18_linux_amd64.zip,e7ebe3ca988768bffe0c239d107645bd53515354cff6cbe5651718195a151700,false
1.0.3,https://releases.hashicorp.com/terraform/1.0.3/terraform_1.0.3_linux_amd64.zip,99c4866ffc4d3a749671b1f74d37f907eda1d67d7fc29ed5485aeff592980644,false
0.14.3,https://releases.hashicorp.com/terraform/0.14.3/terraform_0.14.3_linux_amd64.zip,aa7b6cb6f366ffb920083b2a9739079ee560240ca31b580fe422af4af28cbb5a,false
0.13.7,https://releases.hashicorp.com/terraform/0.13.7/terraform_0.13.7_linux_amd64.zip,4a52886e019b4fdad2439da5ff43388bbcc6cce9784fde32c53dcd0e28ca9957,false
0.12.22,https://releases.hashicorp.com/terraform/0.12.22/terraform_0.12.22_linux_amd64.zip,98faa10a7da2055561339ce67436b37c0c760084e51f219102d87b155be088c5,false
1.1.2,https://releases.hashicorp.com/terraform/1.1.2/terraform_1.1.2_linux_amd64.zip,734efa82e2d0d3df8f239ce17f7370dabd38e535d21e64d35c73e45f35dfa95c,false
1.1.0-alpha20211006,https://releases.hashicorp.com/terraform/1.1.0-alpha20211006/terraform_1.1.0-alpha20211006_linux_amd64.zip,2787d3b6d454e76c45520ff998437ba3e125686c0c577f1c6db50f38c5d8d75b,false
1.0.11,https://releases.hashicorp.com/terraform/1.0.11/terraform_1.0.11_linux_amd64.zip,eeb46091a42dc303c3a3c300640c7774ab25cbee5083dafa5fd83b54c8aca664,false
1.0.7,https://releases.hashicorp.com/terraform/1.0.7/terraform_1.0.7_linux_amd64.zip,bc79e47649e2529049a356f9e60e06b47462bf6743534a10a4c16594f443be7b,false
0.7.3,https://releases.hashicorp.com/terraform/0.7.3/terraform_0.7.3_linux_amd64.zip,4e985f222ec99616e8c730d737c9b400f9d73bf0c436661ec888b2406d3a6f39,false
0.12.7,https://releases.hashicorp.com/terraform/0.12.7/terraform_0.12.7_linux_amd64.zip,a0fa11217325f76bf1b4f53b0f7a6efb1be1826826ef8024f2f45e60187925e7,false
0.12.0-alpha2,https://releases.hashicorp.com/terraform/0.12.0-alpha2/terraform_0.12.0-alpha2_linux_amd64.zip,14d222094f10fc605131ed0629c34008943c10eb782d4c02db05032d7928c048,false
0.10.3,https://releases.hashicorp.com/terraform/0.10.3/terraform_0.10.3_linux_amd64.zip,f316c6ff8b2abe257250d19cbe0e3cf745dedfa67b37bb4afaf95e0291efeade,false
0.8.7,https://releases.hashicorp.com/terraform/0.8.7/terraform_0.8.7_linux_amd64.zip,7ca424d8d0e06697cc7f492b162223aef525bfbcd69248134a0ce0b529285c8c,false
1.1.0-alpha20210616,https://releases.hashicorp.com/terraform/1.1.0-alpha20210616/terraform_1.1.0-alpha20210616_linux_amd64.zip,42ce17b679ae6dfa083c2026b271d99101bb533561e48572b4bf237f32e99a5b,false
0.13.0,https://releases.hashicorp.com/terraform/0.13.0/terraform_0.13.0_linux_amd64.zip,9ed437560faf084c18716e289ea712c784a514bdd7f2796549c735d439dbe378,false
0.6.10,https://releases.hashicorp.com/terraform/0.6.10/terraform_0.6.10_linux_amd64.zip,d7c07e2bf587257673bae710c776430a8cc5a755a9ad4a2cbae066d0cd02a862,false
0.10.1,https://releases.hashicorp.com/terraform/0.10.1/terraform_0.10.1_linux_amd64.zip,632e10925ae5de013d0d7e76e1c5ae8d5495182acf0b577e35d130de125d2c04,false
0.9.8,https://releases.hashicorp.com/terraform/0.9.8/terraform_0.9.8_linux_amd64.zip,f951885f4e15deb4cf66f3b199964e3e74a0298bb46c9fe42e105df2ebcf3d16,false
0.9.1,https://releases.hashicorp.com/terraform/0.9.1/terraform_0.9.1_linux_amd64.zip,b3b18a719258dcc02b7b972eedf417be0b497e4129063711bca82877dbe65553,false
0.7.8,https://releases.hashicorp.com/terraform/0.7.8/terraform_0.7.8_linux_amd64.zip,b3394910c6a1069882f39ad590eead0414d34d5bd73d4d47fa44e66f53454b5a,false
1.0.10,https://releases.hashicorp.com/terraform/1.0.10/terraform_1.0.10_linux_amd64.zip,a221682fcc9cbd7fde22f305ead99b3ad49d8303f152e118edda086a2807716d,false
0.14.8,https://releases.hashicorp.com/terraform/0.14.8/terraform_0.14.8_linux_amd64.zip,4c4c6730374f25bd70e61b83250eb52f39e340188b0f0216f7243b90396ba8b6,false
0.12.26,https://releases.hashicorp.com/terraform/0.12.26/terraform_0.12.26_linux_amd64.zip,607bc802b1c6c2a5e62cc48640f38aaa64bef1501b46f0ae4829feb51594b257,false
0.10.2,https://releases.hashicorp.com/terraform/0.10.2/terraform_0.10.2_linux_amd64.zip,6c1b5ce1a78bc7bb895055052d9074e519f51293770871acfe2dbd289e2f2aaa,false
0.6.15,https://releases.hashicorp.com/terraform/0.6.15/terraform_0.6.15_linux_amd64.zip,2a81faa54ed6c5e7c065444617fc999f0ab6d433e4e03a0ad599892e74ffff6b,false
0.7.0,https://releases.hashicorp.com/terraform/0.7.0/terraform_0.7.0_linux_amd64.zip,a196c63b967967343f3ae9bb18ce324a18b27690e2d105e1f38c5a2d7c02038d,false
0.6.9,https://releases.hashicorp.com/terraform/0.6.9/terraform_0.6.9_linux_amd64.zip,c7d3e76de165be9f47eff8f54b41bb873f6f1881d2fb778a54bb8aaf69abfae6,false
1.0.8,https://releases.hashicorp.com/terraform/1.0.8/terraform_1.0.8_linux_amd64.zip,a73459d406067ce40a46f026dce610740d368c3b4a3d96591b10c7a577984c2e,false
0.14.7,https://releases.hashicorp.com/terraform/0.14.7/terraform_0.14.7_linux_amd64.zip,6b66e1faf0ad4ece28c42a1877e95bbb1355396231d161d78b8ca8a99accc2d7,false
0.13.0-rc1,https://releases.hashicorp.com/terraform/0.13.0-rc1/terraform_0.13.0-rc1_linux_amd64.zip,4712b8c73e8aedb2fad973df483671f30c6796c5723c867baaa22253672b4371,true
0.11.15-oci,https://releases.hashicorp.com/terraform/0.11.15-oci/terraform_0.11.15-oci_linux_amd64.zip,6f4edcb271ef332e7757193da6f84cb5fb48e1d8e6208cda69d556b4a903c30a,true
1.1.1,https://releases.hashicorp.com/terraform/1.1.1/terraform_1.1.1_linux_amd64.zip,07b8dc444540918597a60db9351af861335c3941f28ea8774e168db97dd74557,false
0.12.0-alpha1,https://releases.hashicorp.com/terraform/0.12.0-alpha1/terraform_0.12.0-alpha1_linux_amd64.zip,75251f20455829358b38e28d5f3b726cd544f606e85c8161a34dea3bf924a9da,false
0.10.5,https://releases.hashicorp.com/terraform/0.10.5/terraform_0.10.5_linux_amd64.zip,acec7133ffa00da385ca97ab015b281c6e90e99a41076ede7025a4c78425e09f,false
0.7.2,https://releases.hashicorp.com/terraform/0.7.2/terraform_0.7.2_linux_amd64.zip,b337c885526a8a653075551ac5363a09925ce9cf141f4e9a0d9f497842c85ad5,false
0.12.9,https://releases.hashicorp.com/terraform/0.12.9/terraform_0.12.9_linux_amd64.zip,69712c6216cc09b7eca514b9fb137d4b1fead76559c66f338b4185e1c347ace5,false
0.12.8,https://releases.hashicorp.com/terraform/0.12.8/terraform_0.12.8_linux_amd64.zip,43806e68f7af396449dd4577c6e5cb63c6dc4a253ae233e1dddc46cf423d808b,false
0.6.6,https://releases.hashicorp.com/terraform/0.6.6/terraform_0.6.6_linux_amd64.zip,497e9f9ace4c3da9afd8240222f6f29a7209b3a9ac5b143cefe117e41d5985f4,false
1.0.6,https://releases.hashicorp.com/terraform/1.0.6/terraform_1.0.6_linux_amd64.zip,6a454323d252d34e928785a3b7c52bfaff1192f82685dfee4da1279bb700b733,false
0.15.0-alpha20210127,https://releases.hashicorp.com/terraform/0.15.0-alpha20210127/terraform_0.15.0-alpha20210127_linux_amd64.zip,1bb2dfa88fa066df7c9d3c58b96a9db6ecd3302db6bf63d693a4f39268e1e156,false
0.14.0,https://releases.hashicorp.com/terraform/0.14.0/terraform_0.14.0_linux_amd64.zip,07fd7173f7a360ad5e4d5ea5035670cf426cf7a08d0486bc0fe7c9d76b447722,false
0.12.28,https://releases.hashicorp.com/terraform/0.12.28/terraform_0.12.28_linux_amd64.zip,be99da1439a60942b8d23f63eba1ea05ff42160744116e84f46fc24f1a8011b6,false
0.14.1,https://releases.hashicorp.com/terraform/0.14.1/terraform_0.14.1_linux_amd64.zip,497dde94e0d8f5a9799fbb0d026430539f6c0cee536d15207800ae06edcbf5bb,false
0.11.7,https://releases.hashicorp.com/terraform/0.11.7/terraform_0.11.7_linux_amd64.zip,6b8ce67647a59b2a3f70199c304abca0ddec0e49fd060944c26f666298e23418,false
0.10.8,https://releases.hashicorp.com/terraform/0.10.8/terraform_0.10.8_linux_amd64.zip,b786c0cf936e24145fad632efd0fe48c831558cc9e43c071fffd93f35e3150db,false
0.9.9,https://releases.hashicorp.com/terraform/0.9.9/terraform_0.9.9_linux_amd64.zip,5327b8fa93eb14ef57f4eff94f5380c2fbcefe0f9c135c8ab33425bec4054a6e,false
1.1.0-alpha20210908,https://releases.hashicorp.com/terraform/1.1.0-alpha20210908/terraform_1.1.0-alpha20210908_linux_amd64.zip,92e0db8311f55d6cdfc655260a14de9ead8068a2fad147d96b8ad6855eaf5bb7,false
1.1.0-alpha20210811,https://releases.hashicorp.com/terraform/1.1.0-alpha20210811/terraform_1.1.0-alpha20210811_linux_amd64.zip,cbee56500a6aae48c10f4765bd056863a213a1b860c2d5e5980587aa41a53d79,false
1.0.4,https://releases.hashicorp.com/terraform/1.0.4/terraform_1.0.4_linux_amd64.zip,5c0be4d52de72143e2cd78e417ee2dd582ce229d73784fd19444445fa6e1335e,false
0.15.0-beta2,https://releases.hashicorp.com/terraform/0.15.0-beta2/terraform_0.15.0-beta2_linux_amd64.zip,ce6cc6e74c1d144ef45b394cb9ae558c0829aa315435caeb623e9e5b686c40c1,true
0.9.6,https://releases.hashicorp.com/terraform/0.9.6/terraform_0.9.6_linux_amd64.zip,7ec24a5d57da6ef7bdb5a3003791a4368489b32fa93be800655ccef0eceaf1ba,false
0.14.9,https://releases.hashicorp.com/terraform/0.14.9/terraform_0.14.9_linux_amd64.zip,47e097cfbfb64e97492934f50e646cb84df952eb76897182557811b45603dbf0,false
0.11.14,https://releases.hashicorp.com/terraform/0.11.14/terraform_0.11.14_linux_amd64.zip,9b9a4492738c69077b079e595f5b2a9ef1bc4e8fb5596610f69a6f322a8af8dd,false
0.7.12,https://releases.hashicorp.com/terraform/0.7.12/terraform_0.7.12_linux_amd64.zip,ba75875a9c61b010e217786f42c7b214b7bc4227922261604c67834638ad65f7,false
0.7.9,https://releases.hashicorp.com/terraform/0.7.9/terraform_0.7.9_linux_amd64.zip,ac1d0302818ae17f1042dc26407e7ff94cd1e34ed260dae9d72c75a4d0b59cfc,false
0.10.0-rc1,https://releases.hashicorp.com/terraform/0.10.0-rc1/terraform_0.10.0-rc1_linux_amd64.zip,66820a4d12c25a6d0c83dd877d308aa0c8fce11ce63072f5753167e917464770,true
0.6.13,https://releases.hashicorp.com/terraform/0.6.13/terraform_0.6.13_linux_amd64.zip,8eeddca53958d5c871de93a624eb0f5971f97cbaf107e0b2d1cc289f2ac21b79,false
0.15.4,https://releases.hashicorp.com/terraform/0.15.4/terraform_0.15.4_linux_amd64.zip,ddf9b409599b8c3b44d4e7c080da9a106befc1ff9e53b57364622720114e325c,false
0.12.0-beta2,https://releases.hashicorp.com/terraform/0.12.0-beta2/terraform_0.12.0-beta2_linux_amd64.zip,ad7515000955fe4a32757dc92e36f7b4d046bc51f3d683cf1e691bb7a6dc09a4,true
0.11.1,https://releases.hashicorp.com/terraform/0.11.1/terraform_0.11.1_linux_amd64.zip,4e3d5e4c6a267e31e9f95d4c1b00f5a7be5a319698f0370825b459cb786e2f35,false
0.11.0-rc1,https://releases.hashicorp.com/terraform/0.11.0-rc1/terraform_0.11.0-rc1_linux_amd64.zip,e28701040fbc210c94ff0d1fb786dd7a1bbeb54021ad305eb396f139ac5d07c6,true
0.10.6,https://releases.hashicorp.com/terraform/0.10.6/terraform_0.10.6_linux_amd64.zip,fbb4c37d91ee34aff5464df509367ab71a90272b7fab0fbd1893b367341d6e23,false
0.8.0,https://releases.hashicorp.com/terraform/0.8.0/terraform_0.8.0_linux_amd64.zip,9f99258396dad71746fb96036bf421e05fb3f36f402b89c3f16b453f3f0ee9cf,false
1.1.0-alpha20210714,https://releases.hashicorp.com/terraform/1.1.0-alpha20210714/terraform_1.1.0-alpha20210714_linux_amd64.zip,707310efcf16f4b2cbf025b90c246c5176b64b67054663a5479fe1c7d7e0c193,false
0.15.0,https://releases.hashicorp.com/terraform/0.15.0/terraform_0.15.0_linux_amd64.zip,69c5db7bd6d4a5d3dd060678e5c3d9442e32610ed05879b4325e6aa4807d0529,false
0.13.1,https://releases.hashicorp.com/terraform/0.13.1/terraform_0.13.1_linux_amd64.zip,f7b842d1c06045b496fd00db83520e83a974a294b070dbaf88cb1013c5f02caf,false
0.11.0-beta1,https://releases.hashicorp.com/terraform/0.11.0-beta1/terraform_0.11.0-beta1_linux_amd64.zip,f6bcdc1e159ee0aea2892cda996cd8ae1b3350a57e963a1d7e70d10be73c4120,true
0.10.0,https://releases.hashicorp.com/terraform/0.10.0/terraform_0.10.0_linux_amd64.zip,f991039e3822f10d6e05eabf77c9f31f3831149b52ed030775b6ec5195380999,false
0.9.0,https://releases.hashicorp.com/terraform/0.9.0/terraform_0.9.0_linux_amd64.zip,0965cf0f9d373a550163aef4732438c201c7271ea5f96a902863248cb7f39f1c,true
1.0.0,https://releases.hashicorp.com/terraform/1.0.0/terraform_1.0.0_linux_amd64.zip,8be33cc3be8089019d95eb8f546f35d41926e7c1e5deff15792e969dde573eb5,false
0.14.0-rc1,https://releases.hashicorp.com/terraform/0.14.0-rc1/terraform_0.14.0-rc1_linux_amd64.zip,322fe01fb54118ba25c66f4a406d25e3d8625de062d78544579e9385a3974496,true
0.12.12,https://releases.hashicorp.com/terraform/0.12.12/terraform_0.12.12_linux_amd64.zip,67bc7a49c0946ad48b14cc6e95482fdd3e7e9f7dc6811f4ce6ff531fc565bd3a,false
0.11.4,https://releases.hashicorp.com/terraform/0.11.4/terraform_0.11.4_linux_amd64.zip,817be651ca41b999c09250a9fcade541a941afab41c0c663bd25529a4d5cfd31,false
